[
    {
        "id": "2109.14204",
        "title": "strategic formation of collaborative networks",
        "abstract": "we examine behavior in an experimental collaboration game that incorporates endogenous network formation. the environment is modeled as a generalization of the voluntary contributions mechanism. by varying the information structure in a controlled laboratory experiment, we examine the underlying mechanisms of reciprocity that generate emergent patterns in linking and contribution decisions. providing players more detailed information about the sharing behavior of others drastically increases efficiency, and positively affects a number of other key outcomes. to understand the driving causes of these changes in behavior we develop and estimate a structural model for actions and small network panels and identify how social preferences affect behavior. we find that the treatment reduces altruism but stimulates reciprocity, helping players coordinate to reach mutually beneficial outcomes. in a set of counterfactual simulations, we show that increasing trust in the community would encourage higher average contributions at the cost of mildly increased free-riding. increasing overall reciprocity greatly increases collaborative behavior when there is limited information but can backfire in the treatment, suggesting that negative reciprocity and punishment can reduce efficiency. the largest returns would come from an intervention that drives players away from negative and toward positive reciprocity.",
        "doi": "",
        "created": "2021-09-29",
        "url": "https://arxiv.org/abs/2109.14204",
        "category": "econ"
    },
    {
        "id": "2203.09000",
        "title": "lorenz map, inequality ordering and curves based on multidimensional   rearrangements",
        "abstract": "we propose a multivariate extension of the lorenz curve based on multivariate rearrangements of optimal transport theory. we define a vector lorenz map as the integral of the vector quantile map associated with a multivariate resource allocation. each component of the lorenz map is the cumulative share of each resource, as in the traditional univariate case. the pointwise ordering of such lorenz maps defines a new multivariate majorization order, which is equivalent to preference by any social planner with inequality averse multivariate rank dependent social evaluation functional. we define a family of multi-attribute gini index and complete ordering based on the lorenz map. we propose the level sets of an inverse lorenz function as a practical tool to visualize and compare inequality in two dimensions, and apply it to income-wealth inequality in the united states between 1989 and 2022.",
        "doi": "",
        "created": "2022-03-16",
        "url": "https://arxiv.org/abs/2203.09000",
        "category": "econ"
    },
    {
        "id": "2208.04813",
        "title": "the explosive value of the networks",
        "abstract": "networks have always played a special role for human beings in shaping social relations, forming public opinion, and driving economic equilibria. nowadays, online networked platforms dominate digital markets and capitalization leader-boards, while social networks drive public discussion. despite the importance of networks in many economic and social domains (economics, sociology, anthropology, psychology,...), the knowledge about the laws that dominate their dynamics is still scarce and fragmented. here, we analyse a wide set of online networks (those financed by advertising) by investigating their value dynamics from several perspectives: the type of service, the geographic scope, the merging between networks, and the relationship between economic and financial value. the results show that the networks are dominated by strongly nonlinear dynamics. the existence of non-linearity is often underestimated in social sciences because it involves contexts that are difficult to deal with, such as the presence of multiple equilibria -- some of which are unstable. yet, these dynamics must be fully understood and addressed if we aim to understand the recent evolution in the economic, political and social milieus, which are precisely characterised by corner equilibria (e.g., polarization, winner-take-all solutions, increasing inequality) and nonlinear patterns.",
        "doi": "",
        "created": "2022-08-09",
        "url": "https://arxiv.org/abs/2208.04813",
        "category": "econ"
    },
    {
        "id": "2401.08290",
        "title": "causal machine learning for moderation effects",
        "abstract": "it is valuable for any decision maker to know the impact of decisions (treatments) on average and for subgroups. the causal machine learning literature has recently provided tools for estimating group average treatment effects (gate) to understand treatment heterogeneity better. this paper addresses the challenge of interpreting such differences in treatment effects between groups while accounting for variations in other covariates. we propose a new parameter, the balanced group average treatment effect (bgate), which measures a gate with a specific distribution of a priori-determined covariates. by taking the difference of two bgates, we can analyse heterogeneity more meaningfully than by comparing two gates. the estimation strategy for this parameter is based on double/debiased machine learning for discrete treatments in an unconfoundedness setting, and the estimator is shown to be $\\sqrt{n}$-consistent and asymptotically normal under standard conditions. adding additional identifying assumptions allows specific balanced differences in treatment effects between groups to be interpreted causally, leading to the causal balanced group average treatment effect. we explore the finite sample properties in a small-scale simulation study and demonstrate the usefulness of these parameters in an empirical example.",
        "doi": "",
        "created": "2024-01-16",
        "url": "https://arxiv.org/abs/2401.08290",
        "category": "econ"
    },
    {
        "id": "2401.13057",
        "title": "inference under partial identification with minimax test statistics",
        "abstract": "we provide a means of computing and estimating the asymptotic distributions of statistics based on an outer minimization of an inner maximization. such test statistics, which arise frequently in moment models, are of special interest in providing hypothesis tests under partial identification. under general conditions, we provide an asymptotic characterization of such test statistics using the minimax theorem, and a means of computing critical values using the bootstrap. making some light regularity assumptions, our results augment several asymptotic approximations that have been provided for partially identified hypothesis tests, and extend them by mitigating their dependence on local linear approximations of the parameter space. these asymptotic results are generally simple to state and straightforward to compute (esp.\\ adversarially).",
        "doi": "",
        "created": "2024-01-23",
        "url": "https://arxiv.org/abs/2401.13057",
        "category": "econ"
    },
    {
        "id": "2401.16412",
        "title": "learning to manipulate under limited information",
        "abstract": "by classic results in social choice theory, any reasonable preferential voting method sometimes gives individuals an incentive to report an insincere preference. the extent to which different voting methods are more or less resistant to such strategic manipulation has become a key consideration for comparing voting methods. here we measure resistance to manipulation by whether neural networks of varying sizes can learn to profitably manipulate a given voting method in expectation, given different types of limited information about how other voters will vote. we trained over 70,000 neural networks of 26 sizes to manipulate against 8 different voting methods, under 6 types of limited information, in committee-sized elections with 5-21 voters and 3-6 candidates. we find that some voting methods, such as borda, are highly manipulable by networks with limited information, while others, such as instant runoff, are not, despite being quite profitably manipulated by an ideal manipulator with full information. for the two probability models for elections that we use, the overall least manipulable of the 8 methods we study are condorcet methods, namely minimax and split cycle.",
        "doi": "",
        "created": "2024-01-29",
        "url": "https://arxiv.org/abs/2401.16412",
        "category": "econ"
    },
    {
        "id": "2402.12838",
        "title": "extending the scope of inference about predictive ability to machine   learning methods",
        "abstract": "though out-of-sample forecast evaluation is systematically employed with modern machine learning methods and there exists a well-established classic inference theory for predictive ability, see, e.g., west (1996, asymptotic inference about predictive ability, econometrica, 64, 1067-1084), such theory is not directly applicable to modern machine learners such as the lasso in the high dimensional setting. we investigate under which conditions such extensions are possible. two key properties for standard out-of-sample asymptotic inference to be valid with machine learning are (i) a zero-mean condition for the score of the prediction loss function; and (ii) a fast rate of convergence for the machine learner. monte carlo simulations confirm our theoretical findings. we recommend a small out-of-sample vs in-sample size ratio for accurate finite sample inferences with machine learning. we illustrate the wide applicability of our results with a new out-of-sample test for the martingale difference hypothesis (mdh). we obtain the asymptotic null distribution of our test and use it to evaluate the mdh of some major exchange rates at daily and higher frequencies.",
        "doi": "",
        "created": "2024-02-20",
        "url": "https://arxiv.org/abs/2402.12838",
        "category": "econ"
    },
    {
        "id": "2403.07236",
        "title": "partial identification of individual-level parameters using aggregate   data in a nonparametric binary outcome model",
        "abstract": "it is well known that the relationship between variables at the individual level can be different from the relationship between those same variables aggregated over individuals. this problem of aggregation becomes relevant when the researcher wants to learn individual-level relationships but only has access to data that has been aggregated. in this paper, i develop a methodology to partially identify linear combinations of conditional average outcomes from aggregate data when the outcome of interest is binary while imposing very few restrictions on the underlying data generating process. i construct identified sets using an optimization program that allows for researchers to impose additional shape and data restrictions. i also provide consistency results and construct an inference procedure that is valid with aggregate data, which only provides marginal information about each variable. i apply the methodology to simulated and real-world data sets and find that the estimated identified sets are too wide to be useful, but become narrower as more assumptions are imposed and data aggregated at a finer level is available. this suggests that to obtain useful information from aggregate data sets about individual-level relationships, researchers must impose further assumptions that are carefully justified or seek out data aggregated at the finest level possible.",
        "doi": "",
        "created": "2024-03-11",
        "url": "https://arxiv.org/abs/2403.07236",
        "category": "econ"
    },
    {
        "id": "2404.09309",
        "title": "julia as a universal platform for statistical software development",
        "abstract": "like python and java, which are integrated into stata, julia is a free programming language that runs on all major operating systems. the julia package links stata to julia as well. users can transfer data between stata and julia at high speed, issue julia commands from stata to analyze and plot, and pass results back to stata. julia's econometric software ecosystem is not as mature as stata's or r's, or even python's. but julia is an excellent environment for developing high-performance numerical applications, which can then be called from many platforms. the boottest program for wild bootstrap-based inference (roodman et al. 2019) can call a julia back end for a 33-50% speed-up, even as the r package fwildclusterboot (fischer and roodman 2021) uses the same back end for inference after instrumental variables estimation. reghdfejl mimics reghdfe (correia 2016) in fitting linear models with high-dimensional fixed effects but calls an independently developed julia package for tenfold acceleration on hard problems. reghdfejl also supports nonlinear models--preliminarily, as the julia package for that purpose matures.",
        "doi": "",
        "created": "2024-04-14",
        "url": "https://arxiv.org/abs/2404.09309",
        "category": "econ"
    },
    {
        "id": "2404.10006",
        "title": "harmony in the australian domain space",
        "abstract": "in this paper we use for the first time a systematic approach in the study of harmonic centrality at a web domain level, and gather a number of significant new findings about the australian web. in particular, we explore the relationship between economic diversity at the firm level and the structure of the web within the australian domain space, using harmonic centrality as the main structural feature. the distribution of harmonic centrality values is analyzed over time, and we find that the distributions exhibit a consistent pattern across the different years. the observed distribution is well captured by a partition of the domain space into six clusters; the temporal movement of domain names across these six positions yields insights into the australian domain space and exhibits correlations with other non-structural characteristics. from a more global perspective, we find a significant correlation between the median harmonic centrality of all domains in each oecd country and one measure of global trust, the wjp rule of law index. further investigation demonstrates that 35 countries in oecd share similar harmonic centrality distributions. the observed homogeneity in distribution presents a compelling avenue for exploration, potentially unveiling critical corporate, regional, or national insights.",
        "doi": "",
        "created": "2024-04-11",
        "url": "https://arxiv.org/abs/2404.10006",
        "category": "econ"
    },
    {
        "id": "2404.10090",
        "title": "intergenerational insurance",
        "abstract": "how should successive generations insure each other when the young can default on previously promised transfers to the old? this paper studies intergenerational insurance that maximizes the expected discounted utility of all generations subject to participation constraints for each generation. if complete insurance is unattainable, the optimal intergenerational insurance is history-dependent even when the environment is stationary. the risk from a generational shock is spread into the future, with periodic resetting. interpreting intergenerational insurance in terms of debt, the fiscal reaction function is nonlinear and the risk premium on debt is lower than the risk premium with complete insurance.",
        "doi": "10.1086/730206",
        "created": "2024-04-15",
        "url": "https://arxiv.org/abs/2404.10090",
        "category": "econ"
    },
    {
        "id": "2404.10111",
        "title": "from predictive algorithms to automatic generation of anomalies",
        "abstract": "machine learning algorithms can find predictive signals that researchers fail to notice; yet they are notoriously hard-to-interpret. how can we extract theoretical insights from these black boxes? history provides a clue. facing a similar problem -- how to extract theoretical insights from their intuitions -- researchers often turned to ``anomalies:'' constructed examples that highlight flaws in an existing theory and spur the development of new ones. canonical examples include the allais paradox and the kahneman-tversky choice experiments for expected utility theory. we suggest anomalies can extract theoretical insights from black box predictive algorithms. we develop procedures to automatically generate anomalies for an existing theory when given a predictive algorithm. we cast anomaly generation as an adversarial game between a theory and a falsifier, the solutions to which are anomalies: instances where the black box algorithm predicts - were we to collect data - we would likely observe violations of the theory. as an illustration, we generate anomalies for expected utility theory using a large, publicly available dataset on real lottery choices. based on an estimated neural network that predicts lottery choices, our procedures recover known anomalies and discover new ones for expected utility theory. in incentivized experiments, subjects violate expected utility theory on these algorithmically generated anomalies; moreover, the violation rates are similar to observed rates for the allais paradox and common ratio effect.",
        "doi": "",
        "created": "2024-04-15",
        "url": "https://arxiv.org/abs/2404.10111",
        "category": "econ"
    }
]