[
  {
    "arxivId": "1406.0134",
    "references": []
  },
  {
    "arxivId": "1710.10345",
    "references": [
      {
        "arxivId": "1806.01796",
        "similarity": 0.7905739545822144
      },
      {
        "arxivId": "1705.09280",
        "similarity": 0.656279444694519
      },
      {
        "arxivId": "1611.03530",
        "similarity": 0.5937552452087402
      },
      {
        "arxivId": "1609.04836",
        "similarity": 0.6586322784423828
      },
      {
        "arxivId": "1509.01240",
        "similarity": 0.6681963801383972
      },
      {
        "arxivId": "1412.6614",
        "similarity": 0.5890699625015259
      }
    ]
  },
  {
    "arxivId": "1802.02336",
    "references": [
      {
        "arxivId": "quant-ph/9906054",
        "similarity": 0.6499637961387634
      },
      {
        "arxivId": "quant-ph/9701001",
        "similarity": 0.5750783085823059
      }
    ]
  },
  {
    "arxivId": "1902.01353",
    "references": [
      {
        "arxivId": "1203.0780",
        "similarity": 0.5344212651252747
      },
      {
        "arxivId": "1208.6483",
        "similarity": 0.6092756390571594
      }
    ]
  },
  {
    "arxivId": "1905.05655",
    "references": [
      {
        "arxivId": "1511.05886",
        "similarity": 0.658334493637085
      }
    ]
  },
  {
    "arxivId": "2003.05813",
    "references": []
  },
  {
    "arxivId": "2004.05704",
    "references": []
  },
  {
    "arxivId": "2007.07879",
    "references": []
  },
  {
    "arxivId": "2010.10824",
    "references": [
      {
        "arxivId": "1812.04256",
        "similarity": 0.7521633505821228
      },
      {
        "arxivId": "1710.10846",
        "similarity": 0.7482765913009644
      },
      {
        "arxivId": "1305.6104",
        "similarity": 0.7189564108848572
      }
    ]
  },
  {
    "arxivId": "2012.15019",
    "references": [
      {
        "arxivId": "1905.12298",
        "similarity": 0.6359652876853943
      },
      {
        "arxivId": "1901.10634",
        "similarity": 0.736741304397583
      },
      {
        "arxivId": "1808.02093",
        "similarity": 0.666251003742218
      },
      {
        "arxivId": "1210.2123",
        "similarity": 0.7130826711654663
      }
    ]
  },
  {
    "arxivId": "2103.09286",
    "references": [
      {
        "arxivId": "1706.05181",
        "similarity": 0.632563591003418
      },
      {
        "arxivId": "1310.4613",
        "similarity": 0.6324746012687683
      }
    ]
  },
  {
    "arxivId": "2106.02397",
    "references": []
  },
  {
    "arxivId": "2106.02700",
    "references": []
  },
  {
    "arxivId": "2106.08962",
    "references": []
  },
  {
    "arxivId": "2109.05777",
    "references": []
  },
  {
    "arxivId": "2109.14204",
    "references": []
  },
  {
    "arxivId": "2111.10446",
    "references": []
  },
  {
    "arxivId": "2112.11679",
    "references": []
  },
  {
    "arxivId": "2201.08494",
    "references": []
  },
  {
    "arxivId": "2202.13588",
    "references": []
  },
  {
    "arxivId": "2205.06812",
    "references": []
  },
  {
    "arxivId": "2205.10120",
    "references": []
  },
  {
    "arxivId": "2206.12481",
    "references": []
  },
  {
    "arxivId": "2207.14484",
    "references": []
  },
  {
    "arxivId": "2209.00331",
    "references": []
  },
  {
    "arxivId": "2209.06177",
    "references": []
  },
  {
    "arxivId": "2210.11997",
    "references": []
  },
  {
    "arxivId": "2211.06624",
    "references": []
  },
  {
    "arxivId": "2212.11146",
    "references": []
  },
  {
    "arxivId": "2212.12092",
    "references": []
  },
  {
    "arxivId": "2301.06652",
    "references": []
  },
  {
    "arxivId": "2301.10414",
    "references": []
  },
  {
    "arxivId": "2301.12463",
    "references": []
  },
  {
    "arxivId": "2301.13656",
    "references": []
  },
  {
    "arxivId": "2302.05883",
    "references": []
  },
  {
    "arxivId": "2304.01170",
    "references": []
  },
  {
    "arxivId": "2305.04809",
    "references": []
  },
  {
    "arxivId": "2305.10154",
    "references": []
  },
  {
    "arxivId": "2305.14502",
    "references": []
  },
  {
    "arxivId": "2305.15695",
    "references": []
  },
  {
    "arxivId": "2305.16362",
    "references": []
  },
  {
    "arxivId": "2306.02289",
    "references": []
  },
  {
    "arxivId": "2306.06678",
    "references": []
  },
  {
    "arxivId": "2306.07034",
    "references": []
  },
  {
    "arxivId": "2306.11029",
    "references": []
  },
  {
    "arxivId": "2306.14050",
    "references": []
  },
  {
    "arxivId": "2203.09000",
    "references": []
  },
  {
    "arxivId": "2404.09309",
    "references": []
  },
  {
    "arxivId": "2404.10006",
    "references": []
  },
  {
    "arxivId": "2103.08533",
    "references": []
  },
  {
    "arxivId": "2302.06935",
    "references": []
  },
  {
    "arxivId": "2308.10375",
    "references": []
  },
  {
    "arxivId": "2309.10894",
    "references": []
  },
  {
    "arxivId": "2310.10745",
    "references": []
  },
  {
    "arxivId": "2312.13450",
    "references": []
  },
  {
    "arxivId": "2401.11119",
    "references": []
  },
  {
    "arxivId": "2403.03602",
    "references": []
  },
  {
    "arxivId": "2404.02070",
    "references": []
  },
  {
    "arxivId": "2404.10251",
    "references": []
  },
  {
    "arxivId": "2404.10262",
    "references": []
  },
  {
    "arxivId": "2404.10275",
    "references": []
  },
  {
    "arxivId": "2404.10727",
    "references": []
  },
  {
    "arxivId": "2404.10759",
    "references": []
  }
]